Name,Category,Brand,Description,Selling price,Cost price,Quantity in stock,Base unit,Branch,Size,Colour,Batch number,Expiry date,Batch cost,Unit,Quantity in unit,Price of unit,Unit barcode,SKU,Barcode,Supplier,Taxes,Sold by weight,Serial numbers,Addon group,Group type,Group is required,Addon option,Addon price,Addon cost,Stock item the addon uses,Stock used each time,Pre-selected
Bottled water 500ml,Drinks,,,3.50,2.20,48,Bottle,Main shop,,,,,,,,,,BW-500,6154000300011,Makola Wholesale,Standard rated,,,,,,,,,,,
Rice (loose),Groceries,,Sold from the sack,22.00,17.00,40,,Main shop,,,,,,,,,,RC-001,,Kantamanto Traders,,Yes,,,,,,,,,,
T-shirt,Clothes,,,40.00,25.00,10,,Main shop,Small,Red,,,,,,,,TS-S-R,,,,,,,,,,,,,,
T-shirt,Clothes,,,40.00,25.00,6,,Main shop,Small,Blue,,,,,,,,TS-S-B,,,,,,,,,,,,,,
T-shirt,Clothes,,,45.00,25.00,8,,Main shop,Medium,Red,,,,,,,,TS-M-R,,,,,,,,,,,,,,
Indomie Chicken 70g,Groceries,Indomie,,4.00,2.80,120,Piece,Main shop,,,,,,Carton,40,145.00,6154000400018,IN-001,,Kantamanto Traders,,,,,,,,,,,,
Tomato paste sachet 70g,Groceries,Gino,,1.50,1.00,240,Sachet,Main shop,,,,,,Box,24,32.00,,TP-70,,Makola Wholesale,,,,,,,,,,,,
Indomie Chicken 70g,Groceries,Indomie,,4.00,2.80,,Piece,Main shop,,,,,,Pack,5,19.00,,IN-001,,,,,,,,,,,,,,
Yoghurt drink,Drinks,Fan Milk,,6.00,4.20,24,Bottle,Main shop,250ml,,YD-0918,30/12/2026,4.20,Carton,24,120.00,,YD-250,,Makola Wholesale,,,,,,,,,,,,
Yoghurt drink,Drinks,Fan Milk,,6.00,4.20,10,Bottle,East Legon,250ml,,YD-0918,30/12/2026,4.20,,,,,YD-250,,,,,,,,,,,,,,
Yoghurt drink,Drinks,Fan Milk,,6.00,4.50,12,Bottle,Main shop,250ml,,YD-1002,15/02/2027,4.50,,,,,YD-250,,,,,,,,,,,,,,
Yoghurt drink,Drinks,Fan Milk,,10.00,7.00,6,Bottle,Main shop,500ml,,YD-2001,28/02/2027,7.00,,,,,YD-500,,,,,,,,,,,,,,
Samsung Galaxy A15,Phones,Samsung,,2200.00,1850.00,,,Main shop,,,,,,,,,,SM-001,8806095300001,Kantamanto Traders,Standard rated,,SM-A15-0001;SM-A15-0002,,,,,,,,,
Chicken quarter,Groceries,,,12.00,9.00,12,,Main shop,,,,,,,,,,CH-001,,,,,,,,,,,,,,
Jollof Rice,Main dishes,,,35.00,14.00,,,Main shop,,,,,,,,,,JR-001,,,,,,,,,,,,,,
Jollof Rice,,,,,,,,,,,,,,,,,,,,,,,,Protein,Pick one,Yes,Chicken,15.00,9.00,Chicken quarter,1,Yes
Jollof Rice,,,,,,,,,,,,,,,,,,,,,,,,Protein,Pick one,Yes,Fish,18.00,11.00,,,
Jollof Rice,,,,,,,,,,,,,,,,,,,,,,,,Extras,Pick many,No,Fried plantain,5.00,2.00,,,
Jollof Rice,,,,,,,,,,,,,,,,,,,,,,,,Extras,Pick many,No,Boiled egg,3.00,1.20,Chicken quarter,1,
